Plate,Metadata_Well,Drug,Concentration,Metadata_row,Metadata_column,NumberOfCells,NumberOfCells_CD34,NumberOfCells_CD3
2121040,A01,Thiotepa,0.01,1,1,1773.0,857.0,420.0
2121040,A02,Sorafenib,0.01,1,2,1820.0,883.0,410.0
2121040,A03,Ruxolitinib,1,1,3,1776.0,890.0,341.0
2121040,A04,Abemaciclib,0.1,1,4,1798.0,884.0,428.0
2121040,A05,Prednisolone,0.01,1,5,1692.0,848.0,386.0
2121040,A06,PKC-412(Midostaurin),1,1,6,1563.0,691.0,463.0
2121040,A07,Nintedanib (BIBF 1120),0.1,1,7,1931.0,902.0,538.0
2121040,A08,Temsirolimus,0.01,1,8,1892.0,928.0,429.0
2121040,A09,"Tofacitinib (CP-690550,Tasocitinib)",1,1,9,1670.0,838.0,341.0
2121040,A10,Venetoclax+Dasatinib,0.005+0.005,1,10,1072.0,398.0,341.0
2121040,A11,Venetoclax+Trametinib,0.5+0.5,1,11,746.0,208.0,228.0
2121040,A12,AP24534  Ponatinib,0.1,1,12,1547.0,694.0,415.0
2121040,A13,DMSO,0,1,13,1794.0,828.0,404.0
2121040,A14,CC885,0.01,1,14,869.0,211.0,285.0
2121040,A15,Everolimus,1,1,15,1515.0,643.0,363.0
2121040,A16,D9A2,0.01,1,16,1615.0,756.0,415.0
2121040,A17,Belinostat,0.1,1,17,1601.0,739.0,402.0
2121040,A18,Quizartinib (AC220),0.01,1,18,1815.0,863.0,456.0
2121040,A19,Romidepsin,2,1,19,1152.0,472.0,322.0
2121040,A20,AP24534  Ponatinib,1,1,20,1170.0,482.0,315.0
2121040,A21,CC885,0.01,1,21,777.0,228.0,267.0
2121040,A22,Irinotecan,1,1,22,1856.0,963.0,441.0
2121040,A23,None,0,1,23,1610.0,765.0,378.0
2121040,A24,Abemaciclib,1,1,24,1627.0,771.0,449.0
2121040,B01,Gefitinib,0.01,2,1,1712.0,835.0,543.0
2121040,B02,Palbociclib,1,2,2,1795.0,890.0,443.0
2121040,B03,Cytarabine+Etopside,0.005+0.01,2,3,1715.0,804.0,558.0
2121040,B04,PKC-412(Midostaurin),1,2,4,1571.0,712.0,632.0
2121040,B05,Etoposide,0.02,2,5,1773.0,840.0,398.0
2121040,B06,Pazopanib,0.0443,2,6,1839.0,833.0,504.0
2121040,B07,5-Fluorouracil,0.010005677,2,7,1773.0,831.0,393.0
2121040,B08,Dasatinib,0.01,2,8,1456.0,632.0,321.0
2121040,B09,Cytarabine+Mitoxantrone,0.005+0.005,2,9,1810.0,844.0,426.0
2121040,B10,Palbociclib,0.1,2,10,1748.0,850.0,412.0
2121040,B11,Pentostatin,1,2,11,1952.0,984.0,391.0
2121040,B12,Dabrafenib (GSK2118436),1,2,12,2157.0,1069.0,510.0
2121040,B13,Romidepsin,0.02,2,13,1425.0,717.0,323.0
2121040,B14,DMSO,0,2,14,1845.0,917.0,461.0
2121040,B15,Palbociclib,0.1,2,15,1481.0,755.0,405.0
2121040,B16,Everolimus,0.1,2,16,1636.0,779.0,375.0
2121040,B17,Venetoclax+Dinaciclib,0.005+0.005,2,17,1282.0,398.0,385.0
2121040,B18,AP24534  Ponatinib,0.01,2,18,1749.0,851.0,419.0
2121040,B19,Pentostatin,0.1,2,19,1930.0,955.0,416.0
2121040,B20,Dinaciclib (SCH727965),0.1,2,20,1589.0,754.0,353.0
2121040,B22,Cytarabine+Daunorubicin,0.5+0.5,2,22,1182.0,774.0,124.0
2121040,B23,Cytarabine,0.01,2,23,1704.0,766.0,414.0
2121040,B24,Venetoclax+Idasanutlin,0.5+0.5,2,24,702.0,229.0,220.0
2121040,C01,Sunitinib,0.01000005,3,1,1709.0,829.0,473.0
2121040,C02,Imatinib,0.01,3,2,1847.0,870.0,434.0
2121040,C03,Ruxolitinib,0.1,3,3,1756.0,882.0,557.0
2121040,C04,"Tofacitinib (CP-690550,Tasocitinib)",0.01,3,4,1992.0,965.0,449.0
2121040,C05,Dinaciclib (SCH727965),1,3,5,635.0,196.0,174.0
2121040,C06,Etoposide,0.2,3,6,1717.0,829.0,489.0
2121040,C07,Doxorubicin,0.1,3,7,2018.0,939.0,448.0
2121040,C08,Doxorubicin,1,3,8,1699.0,1073.0,277.0
2121040,C09,5-Fluorouracil,0.100056769,3,9,1826.0,812.0,392.0
2121040,C10,Cobimetinib,1,3,10,1417.0,535.0,453.0
2121040,C11,DMSO,0,3,11,1731.0,842.0,386.0
2121040,C12,Thiotepa,1,3,12,1807.0,931.0,497.0
2121040,C13,Dasatinib,0.1,3,13,1386.0,628.0,437.0
2121040,C14,Everolimus,1,3,14,1776.0,811.0,363.0
2121040,C15,DMSO,0,3,15,1796.0,883.0,530.0
2121040,C16,Cytarabine+Etopside,0.5+1,3,16,1606.0,657.0,464.0
2121040,C17,Thiotepa,0.1,3,17,1977.0,931.0,483.0
2121040,C18,Cytarabine+Daunorubicin,0.05+0.05,3,18,1390.0,506.0,412.0
2121040,C19,Doxorubicin,1,3,19,1462.0,954.0,231.0
2121040,C20,Dinaciclib (SCH727965),0.01,3,20,1812.0,891.0,485.0
2121040,C21,Clofarabine,0.01,3,21,1803.0,890.0,486.0
2121040,C22,Capecitabine,0.1,3,22,1777.0,887.0,421.0
2121040,C23,Quizartinib (AC220),1,3,23,1685.0,734.0,469.0
2121040,C24,CC885,0.1,3,24,853.0,251.0,319.0
2121040,D01,Ruxolitinib,0.01,4,1,1830.0,834.0,488.0
2121040,D02,CC885,1,4,2,834.0,244.0,271.0
2121040,D03,Ivosidenib,1,4,3,1843.0,814.0,498.0
2121040,D04,Decitabine,0.01,4,4,1859.0,883.0,399.0
2121040,D05,Nintedanib (BIBF 1120),0.1,4,5,1989.0,1051.0,371.0
2121040,D06,Capecitabine,0.1,4,6,1929.0,929.0,437.0
2121040,D07,5-Fluorouracil,1.000567689,4,7,1665.0,760.0,263.0
2121040,D08,Venetoclax+Quizartinib,0.5+0.5,4,8,887.0,205.0,188.0
2121040,D09,5-Azacytidine,0.3,4,9,1787.0,797.0,324.0
2121040,D10,Nintedanib (BIBF 1120),0.01,4,10,1978.0,933.0,408.0
2121040,D11,Venetoclax+Dinaciclib,0.5+0.5,4,11,660.0,179.0,133.0
2121040,D12,DMSO,0,4,12,1938.0,952.0,401.0
2121040,D13,Clofarabine,0.01,4,13,1779.0,809.0,372.0
2121040,D14,Dabrafenib (GSK2118436),0.1,4,14,2053.0,1053.0,399.0
2121040,D15,Gefitinib,0.01,4,15,1672.0,785.0,360.0
2121040,D16,DMSO,0,4,16,1736.0,854.0,370.0
2121040,D17,Thiotepa,0.01,4,17,1753.0,785.0,379.0
2121040,D18,Decitabine,0.1,4,18,1952.0,907.0,420.0
2121040,D19,5-Azacytidine,0.03,4,19,1840.0,831.0,259.0
2121040,D20,Quizartinib (AC220),0.01,4,20,1619.0,717.0,237.0
2121040,D21,Clofarabine,0.1,4,21,1641.0,668.0,409.0
2121040,D22,6-Mercaptopurine,0.1,4,22,1668.0,795.0,394.0
2121040,D23,Crenolanib,0.01,4,23,1669.0,763.0,366.0
2121040,D24,Quizartinib (AC220),0.1,4,24,1702.0,759.0,339.0
2121040,E01,Etoposide,0.02,5,1,1841.0,892.0,520.0
2121040,E02,DMSO,0,5,2,1787.0,839.0,541.0
2121040,E03,Hydroxyurea,1,5,3,1892.0,858.0,437.0
2121040,E04,5-Azacytidine,3,5,4,1484.0,559.0,484.0
2121040,E05,Gefitinib,1,5,5,1820.0,832.0,395.0
2121040,E06,Capecitabine,1,5,6,1737.0,793.0,329.0
2121040,E07,Gefitinib,1,5,7,1793.0,840.0,564.0
2121040,E08,5-Fluorouracil,1.000567689,5,8,1675.0,799.0,346.0
2121040,E09,DMSO,0,5,9,1726.0,792.0,416.0
2121040,E10,W9A,0.1,5,10,1528.0,674.0,446.0
2121040,E11,Cytarabine+Daunorubicin,0.005+0.005,5,11,1725.0,758.0,461.0
2121040,E12,None,0,5,12,1765.0,828.0,327.0
2121040,E13,Panobinostat,0.5,5,13,1122.0,435.0,362.0
2121040,E14,Thiotepa,0.1,5,14,1766.0,863.0,356.0
2121040,E15,Pentostatin,0.01,5,15,2000.0,972.0,467.0
2121040,E16,Panobinostat,5,5,16,804.0,294.0,323.0
2121040,E17,DMSO,0,5,17,1846.0,858.0,435.0
2121040,E18,Enasedinib,1,5,18,1772.0,787.0,386.0
2121040,E19,Cytarabine+Mitoxantrone,0.005+0.005,5,19,1717.0,780.0,388.0
2121040,E20,Temsirolimus,1,5,20,1619.0,692.0,292.0
2121040,E21,Panobinostat,0.5,5,21,1194.0,468.0,386.0
2121040,E22,W9A,0.01,5,22,1715.0,819.0,366.0
2121040,E23,Prednisolone,0.1,5,23,1617.0,763.0,352.0
2121040,E24,Ivosidenib,0.1,5,24,1741.0,889.0,396.0
2121040,F01,DMSO,0,6,1,1707.0,780.0,334.0
2121040,F02,Bortezomib,0.1,6,2,932.0,276.0,271.0
2121040,F03,D9A2,1,6,3,752.0,235.0,226.0
2121040,F04,Palbociclib,0.01,6,4,1713.0,867.0,500.0
2121040,F05,Pentostatin,1,6,5,2027.0,952.0,395.0
2121040,F06,CC885,0.1,6,6,723.0,172.0,253.0
2121040,F07,Irinotecan,1,6,7,1833.0,856.0,360.0
2121040,F08,CC885,1,6,8,694.0,189.0,221.0
2121040,F09,Ivosidenib,1,6,9,1643.0,740.0,383.0
2121040,F10,DMSO,0,6,10,1693.0,745.0,303.0
2121040,F11,Temsirolimus,0.01,6,11,1670.0,805.0,400.0
2121040,F12,Venetoclax+Dasatinib,0.005+0.005,6,12,978.0,247.0,214.0
2121040,F13,Imatinib,0.1,6,13,1670.0,804.0,335.0
2121040,F14,Imatinib,0.1,6,14,1750.0,795.0,294.0
2121040,F15,Venetoclax+Ruxolitinib,0.05+0.05,6,15,877.0,244.0,204.0
2121040,F16,Rapamycin (Sirolimus),0.01,6,16,1747.0,823.0,392.0
2121040,F17,Temsirolimus,0.1,6,17,1723.0,830.0,312.0
2121040,F18,DMSO,0,6,18,1928.0,997.0,432.0
2121040,F19,Venetoclax+Trametinib,0.005+0.005,6,19,1004.0,236.0,306.0
2121040,F20,Ivosidenib,0.1,6,20,1835.0,836.0,441.0
2121040,F21,Imatinib,0.01,6,21,1833.0,825.0,380.0
2121040,F22,Rapamycin (Sirolimus),0.01,6,22,1626.0,755.0,399.0
2121040,F23,Venetoclax+Quizartinib,0.005+0.005,6,23,1021.0,279.0,236.0
2121040,F24,Clofarabine,1,6,24,1578.0,609.0,433.0
2121040,G01,Venetoclax+Dinaciclib,0.005+0.005,7,1,1082.0,338.0,403.0
2121040,G02,None,0,7,2,1823.0,873.0,427.0
2121040,G03,Belinostat,0.01,7,3,1603.0,741.0,444.0
2121040,G04,DMSO,0,7,4,1730.0,847.0,520.0
2121040,G05,Methotrexate,1,7,5,1672.0,766.0,343.0
2121040,G06,Venetoclax+Trametinib,0.05+0.05,7,6,827.0,207.0,188.0
2121040,G07,Gefitinib,0.1,7,7,857.0,409.0,230.0
2121040,G08,Capecitabine,0.01,7,8,1766.0,856.0,433.0
2121040,G09,CPD000466355;idarubicin hydrochloride;,0.1,7,9,1240.0,443.0,382.0
2121040,G10,Nintedanib (BIBF 1120),1,7,10,1429.0,465.0,260.0
2121040,G11,Prednisolone,1,7,11,1565.0,647.0,265.0
2121040,G12,Palbociclib,0.01,7,12,1727.0,815.0,351.0
2121040,G13,None,0,7,13,1649.0,794.0,454.0
2121040,G14,Lestaurtinib,1,7,14,1386.0,558.0,304.0
2121040,G15,Decitabine,0.1,7,15,1670.0,833.0,480.0
2121040,G16,Sunitinib,0.100000495,7,16,1475.0,670.0,454.0
2121040,G17,Methotrexate,1,7,17,1793.0,826.0,366.0
2121040,G18,Venetoclax+Dasatinib,0.5+0.5,7,18,628.0,163.0,208.0
2121040,G19,DMSO,0,7,19,1818.0,911.0,494.0
2121040,G20,Cytarabine+Mitoxantrone,0.5+0.5,7,20,1161.0,874.0,67.0
2121040,G21,Crenolanib,0.1,7,21,1629.0,772.0,465.0
2121040,G22,"Tofacitinib (CP-690550,Tasocitinib)",0.1,7,22,1767.0,848.0,392.0
2121040,G23,Ivosidenib,0.01,7,23,1617.0,774.0,390.0
2121040,G24,Crenolanib,0.01,7,24,1592.0,833.0,500.0
2121040,H01,Sunitinib,1.000004952,8,1,1507.0,619.0,468.0
2121040,H02,Rapamycin (Sirolimus),1,8,2,1505.0,597.0,299.0
2121040,H03,DMSO,0,8,3,1721.0,790.0,474.0
2121040,H05,W9A,1,8,5,1448.0,485.0,269.0
2121040,H06,Clofarabine,1,8,6,1498.0,569.0,344.0
2121040,H07,Capecitabine,1,8,7,1662.0,783.0,437.0
2121040,H08,Irinotecan,0.01,8,8,1484.0,708.0,233.0
2121040,H09,PKC-412(Midostaurin),0.1,8,9,1691.0,779.0,366.0
2121040,H10,PKC-412(Midostaurin),0.01,8,10,1727.0,806.0,346.0
2121040,H11,Hydroxyurea,0.1,8,11,1812.0,924.0,385.0
2121040,H12,Sunitinib,0.01000005,8,12,1745.0,796.0,374.0
2121040,H13,Pazopanib,0.0443,8,13,1678.0,832.0,424.0
2121040,H14,Venetoclax+Quizartinib,0.005+0.005,8,14,1007.0,248.0,244.0
2121040,H15,5-Azacytidine,3,8,15,1375.0,422.0,380.0
2121040,H16,Doxorubicin,0.1,8,16,1774.0,777.0,375.0
2121040,H17,Cytarabine+Etopside,0.5+1,8,17,1447.0,564.0,338.0
2121040,H18,Panobinostat,0.05,8,18,1109.0,353.0,332.0
2121040,H19,Sorafenib,1,8,19,1766.0,821.0,369.0
2121040,H20,DMSO,0,8,20,1684.0,690.0,251.0
2121040,H22,Mitoxantrone,0.01,8,22,1792.0,870.0,421.0
2121040,H23,Ruxolitinib,0.1,8,23,1673.0,787.0,389.0
2121040,H24,6-Mercaptopurine,0.01,8,24,1602.0,760.0,366.0
2121040,I01,Cytarabine+Daunorubicin,0.5+0.5,9,1,1166.0,706.0,140.0
2121040,I02,None,0,9,2,1574.0,810.0,468.0
2121040,I03,Pazopanib,0.00443,9,3,1626.0,721.0,235.0
2121040,I04,Venetoclax+Ruxolitinib,0.05+0.05,9,4,946.0,242.0,282.0
2121040,I05,PKC-412(Midostaurin),0.1,9,5,1603.0,695.0,256.0
2121040,I06,DMSO,0,9,6,1534.0,701.0,376.0
2121040,I07,Everolimus,0.01,9,7,1557.0,711.0,222.0
2121040,I08,Cytarabine+Mitoxantrone,0.05+0.05,9,8,1085.0,554.0,163.0
2121040,I09,Mitoxantrone,0.1,9,9,1265.0,659.0,160.0
2121040,I10,Sorafenib,0.1,9,10,1760.0,835.0,324.0
2121040,I12,Venetoclax+Quizartinib,0.05+0.05,9,12,1041.0,225.0,227.0
2121040,I13,Enasedinib,0.01,9,13,1602.0,693.0,287.0
2121040,I14,Enasedinib,0.1,9,14,1581.0,721.0,320.0
2121040,I15,Decitabine,1,9,15,1830.0,940.0,351.0
2121040,I16,Cytarabine,1,9,16,1405.0,547.0,315.0
2121040,I17,Venetoclax+Ruxolitinib,0.005+0.005,9,17,1045.0,285.0,281.0
2121040,I19,Venetoclax+Quizartinib,0.05+0.05,9,19,962.0,248.0,175.0
2121040,I20,5-Azacytidine,0.03,9,20,1743.0,816.0,332.0
2121040,I21,DMSO,0,9,21,1864.0,898.0,455.0
2121040,I22,Belinostat,1,9,22,1037.0,375.0,302.0
2121040,I23,Bortezomib,0.1,9,23,787.0,217.0,260.0
2121040,I24,Romidepsin,2,9,24,1092.0,424.0,315.0
2121040,J01,AP24534  Ponatinib,1,10,1,1113.0,466.0,410.0
2121040,J02,Gefitinib,0.1,10,2,1542.0,743.0,345.0
2121040,J03,Lestaurtinib,0.01,10,3,1413.0,590.0,290.0
2121040,J04,6-Mercaptopurine,0.001,10,4,1591.0,727.0,344.0
2121040,J05,DMSO,0,10,5,1828.0,866.0,421.0
2121040,J06,Panobinostat,5,10,6,1077.0,368.0,327.0
2121040,J07,Temsirolimus,1,10,7,1536.0,682.0,322.0
2121040,J08,Crenolanib,1,10,8,1587.0,734.0,303.0
2121040,J09,Venetoclax+Ruxolitinib,0.005+0.005,10,9,1186.0,314.0,233.0
2121040,J10,D9A2,0.1,10,10,746.0,191.0,248.0
2121040,J11,CPD000466355;idarubicin hydrochloride;,0.1,10,11,1165.0,424.0,407.0
2121040,J12,Cytarabine,0.1,10,12,1621.0,739.0,386.0
2121040,J13,CPD000466355;idarubicin hydrochloride;,0.01,10,13,1343.0,449.0,251.0
2121040,J14,Venetoclax+Dasatinib,0.05+0.05,10,14,728.0,165.0,158.0
2121040,J15,Dasatinib,1,10,15,1274.0,624.0,387.0
2121040,J16,6-Mercaptopurine,0.1,10,16,1777.0,877.0,358.0
2121040,J17,Bortezomib,1,10,17,820.0,218.0,264.0
2121040,J18,Cobimetinib,1,10,18,1293.0,467.0,347.0
2121040,J19,Venetoclax+Trametinib,0.05+0.05,10,19,828.0,221.0,184.0
2121040,J20,PKC-412(Midostaurin),0.01,10,20,1666.0,763.0,299.0
2121040,J21,Pazopanib,0.443,10,21,1770.0,766.0,398.0
2121040,J22,DMSO,0,10,22,1752.0,832.0,424.0
2121040,J23,Decitabine,0.01,10,23,1586.0,786.0,386.0
2121040,J24,Methotrexate,0.1,10,24,1690.0,850.0,486.0
2121040,K01,Dinaciclib (SCH727965),0.01,11,1,1609.0,748.0,511.0
2121040,K02,Imatinib,1,11,2,1487.0,621.0,265.0
2121040,K03,Prednisolone,1,11,3,1402.0,620.0,468.0
2121040,K04,Cytarabine+Mitoxantrone,0.5+0.5,11,4,1091.0,806.0,39.0
2121040,K06,Bortezomib,0.01,11,6,1193.0,481.0,310.0
2121040,K07,Hydroxyurea,1,11,7,1648.0,726.0,254.0
2121040,K08,DMSO,0,11,8,1711.0,765.0,369.0
2121040,K09,"Tofacitinib (CP-690550,Tasocitinib)",0.1,11,9,1687.0,786.0,337.0
2121040,K10,Cytarabine,0.01,11,10,1653.0,755.0,350.0
2121040,K11,6-Mercaptopurine,0.01,11,11,1597.0,776.0,355.0
2121040,K12,Belinostat,1,11,12,964.0,300.0,214.0
2121040,K13,5-Fluorouracil,0.100056769,11,13,1595.0,697.0,299.0
2121040,K14,None,0,11,14,1570.0,713.0,245.0
2121040,K15,Etoposide,2,11,15,1530.0,631.0,346.0
2121040,K16,DMSO,0,11,16,1579.0,742.0,460.0
2121040,K17,Venetoclax+Dasatinib,0.5+0.5,11,17,663.0,185.0,144.0
2121040,K18,Ruxolitinib,1,11,18,1803.0,838.0,366.0
2121040,K19,AP24534  Ponatinib,0.01,11,19,1624.0,823.0,481.0
2121040,K20,Belinostat,0.1,11,20,1665.0,783.0,348.0
2121040,K21,Lestaurtinib,0.1,11,21,1482.0,610.0,385.0
2121040,K22,Bortezomib,0.01,11,22,1512.0,651.0,417.0
2121040,K23,DMSO,0,11,23,1531.0,708.0,364.0
2121040,K24,Quizartinib (AC220),0.1,11,24,1682.0,745.0,506.0
2121040,L01,Venetoclax+Idasanutlin,0.005+0.005,12,1,928.0,264.0,362.0
2121040,L02,Hydroxyurea,0.01,12,2,1573.0,699.0,348.0
2121040,L03,"Tofacitinib (CP-690550,Tasocitinib)",1,12,3,1655.0,750.0,371.0
2121040,L04,Cobimetinib,0.1,12,4,1284.0,479.0,352.0
2121040,L05,Venetoclax+Dinaciclib,0.05+0.05,12,5,660.0,153.0,150.0
2121040,L06,Abemaciclib,1,12,6,1528.0,671.0,354.0
2121040,L07,DMSO,0,12,7,1596.0,734.0,316.0
2121040,L08,Everolimus,0.01,12,8,1444.0,613.0,300.0
2121040,L09,Clofarabine,0.1,12,9,1625.0,599.0,318.0
2121040,L10,CPD000466355;idarubicin hydrochloride;,0.01,12,10,1319.0,498.0,333.0
2121040,L11,Nintedanib (BIBF 1120),0.01,12,11,1652.0,789.0,391.0
2121040,L12,AP24534  Ponatinib,0.1,12,12,1508.0,632.0,389.0
2121040,L13,Venetoclax+Idasanutlin,0.5+0.5,12,13,786.0,196.0,177.0
2121040,L14,Ivosidenib,0.01,12,14,1700.0,784.0,328.0
2121040,L15,DMSO,0,12,15,1673.0,788.0,349.0
2121040,L16,D9A2,0.01,12,16,1042.0,420.0,290.0
2121040,L17,Capecitabine,0.01,12,17,1746.0,825.0,342.0
2121040,L18,Ruxolitinib,0.01,12,18,1698.0,772.0,385.0
2121040,L19,Sunitinib,1.000004952,12,19,1334.0,557.0,401.0
2121040,L21,Rapamycin (Sirolimus),0.1,12,21,1785.0,814.0,408.0
2121040,L22,Pazopanib,0.443,12,22,1718.0,780.0,387.0
2121040,L23,Abemaciclib,0.01,12,23,1636.0,783.0,392.0
2121040,L24,DMSO,0,12,24,1771.0,837.0,485.0
2121040,M01,Abemaciclib,0.1,13,1,1460.0,686.0,394.0
2121040,M02,Crenolanib,1,13,2,1457.0,692.0,443.0
2121040,M03,Lestaurtinib,1,13,3,1163.0,461.0,243.0
2121040,M04,Venetoclax+Dinaciclib,0.5+0.5,13,4,530.0,149.0,139.0
2121040,M05,Pentostatin,0.1,13,5,1553.0,650.0,208.0
2121040,M06,Decitabine,1,13,6,1687.0,755.0,376.0
2121040,M07,Dabrafenib (GSK2118436),0.01,13,7,1811.0,863.0,372.0
2121040,M08,Etoposide,0.2,13,8,1601.0,738.0,392.0
2121040,M09,Temsirolimus,0.1,13,9,1380.0,609.0,209.0
2121040,M10,DMSO,0,13,10,1551.0,721.0,374.0
2121040,M11,Thiotepa,1,13,11,1652.0,791.0,282.0
2121040,M12,Venetoclax+Trametinib,0.005+0.005,13,12,869.0,217.0,262.0
2121040,M13,Sorafenib,0.1,13,13,1607.0,800.0,358.0
2121040,M14,DMSO,0,13,14,1624.0,756.0,366.0
2121040,M15,Lestaurtinib,0.01,13,15,1553.0,697.0,372.0
2121040,M16,Cobimetinib,0.01,13,16,1421.0,574.0,339.0
2121040,M17,W9A,0.01,13,17,1482.0,635.0,222.0
2121040,M18,Venetoclax+Dinaciclib,0.05+0.05,13,18,561.0,142.0,118.0
2121040,M19,Doxorubicin,0.01,13,19,1477.0,638.0,275.0
2121040,M20,Dabrafenib (GSK2118436),1,13,20,1705.0,746.0,262.0
2121040,M21,Cytarabine+Etopside,0.05+0.1,13,21,1521.0,638.0,307.0
2121040,M22,Cytarabine,0.1,13,22,1504.0,703.0,485.0
2121040,M23,Lestaurtinib,0.1,13,23,1178.0,486.0,365.0
2121040,M24,Venetoclax+Idasanutlin,0.05+0.05,13,24,824.0,252.0,221.0
2121040,N01,W9A,1,14,1,702.0,380.0,195.0
2121040,N02,Cytarabine+Daunorubicin,0.005+0.005,14,2,1452.0,652.0,421.0
2121040,N03,Romidepsin,0.2,14,3,978.0,501.0,232.0
2121040,N04,Venetoclax+Ruxolitinib,0.5+0.5,14,4,743.0,181.0,224.0
2121040,N05,Crenolanib,0.1,14,5,1449.0,633.0,291.0
2121040,N06,Bortezomib,1,14,6,738.0,184.0,263.0
2121040,N07,Pazopanib,0.00443,14,7,1409.0,648.0,254.0
2121040,N08,Dasatinib,0.1,14,8,1102.0,434.0,264.0
2121040,N09,DMSO,0,14,9,883.0,463.0,170.0
2121040,N10,Venetoclax+Ruxolitinib,0.5+0.5,14,10,775.0,186.0,232.0
2121040,N11,Cytarabine+Daunorubicin,0.05+0.05,14,11,1123.0,461.0,384.0
2121040,N12,Venetoclax+Idasanutlin,0.05+0.05,14,12,880.0,227.0,167.0
2121040,N13,DMSO,0,14,13,1610.0,721.0,256.0
2121040,N14,Dabrafenib (GSK2118436),0.01,14,14,1649.0,829.0,502.0
2121040,N15,D9A2,1,14,15,678.0,157.0,210.0
2121040,N16,Prednisolone,0.1,14,16,1498.0,702.0,414.0
2121040,N17,Romidepsin,0.2,14,17,1046.0,372.0,256.0
2121040,N18,Sunitinib,0.100000495,14,18,1439.0,692.0,360.0
2121040,N19,"Tofacitinib (CP-690550,Tasocitinib)",0.01,14,19,1444.0,696.0,367.0
2121040,N20,None,0,14,20,1605.0,745.0,301.0
2121040,N21,Quizartinib (AC220),1,14,21,1637.0,664.0,504.0
2121040,N22,Prednisolone,0.01,14,22,1651.0,882.0,459.0
2121040,N23,Rapamycin (Sirolimus),0.1,14,23,1384.0,647.0,348.0
2121040,N24,Enasedinib,0.01,14,24,1613.0,818.0,435.0
2121040,O01,Palbociclib,1,15,1,1534.0,705.0,477.0
2121040,O02,Sorafenib,0.01,15,2,1429.0,699.0,440.0
2121040,O03,6-Mercaptopurine,0.001,15,3,1424.0,685.0,331.0
2121040,O04,Sorafenib,1,15,4,1547.0,745.0,513.0
2121040,O05,Romidepsin,0.02,15,5,1103.0,537.0,264.0
2121040,O06,Methotrexate,0.01,15,6,813.0,439.0,153.0
2121040,O07,Dabrafenib (GSK2118436),0.1,15,7,1732.0,834.0,335.0
2121040,O08,Cytarabine,1,15,8,1131.0,412.0,257.0
2121040,O09,Mitoxantrone,0.01,15,9,1445.0,669.0,360.0
2121040,O10,Methotrexate,0.1,15,10,1528.0,735.0,442.0
2121040,O11,5-Azacytidine,0.3,15,11,1675.0,833.0,430.0
2121040,O12,DMSO,0,15,12,1559.0,762.0,333.0
2121040,O13,Venetoclax+Quizartinib,0.5+0.5,15,13,733.0,216.0,286.0
2121040,O14,Everolimus,0.1,15,14,1373.0,636.0,435.0
2121040,O15,Cytarabine+Etopside,0.05+0.1,15,15,1483.0,691.0,502.0
2121040,O16,Venetoclax+Dasatinib,0.05+0.05,15,16,522.0,119.0,191.0
2121040,O17,Venetoclax+Trametinib,0.5+0.5,15,17,557.0,144.0,151.0
2121040,O18,Mitoxantrone,0.1,15,18,1231.0,594.0,259.0
2121040,O19,None,0,15,19,1528.0,767.0,487.0
2121040,O20,Cytarabine+Etopside,0.005+0.01,15,20,1552.0,722.0,347.0
2121040,O21,Pentostatin,0.01,15,21,1818.0,887.0,434.0
2121040,O22,Etoposide,2,15,22,1466.0,651.0,414.0
2121040,O23,Irinotecan,0.01,15,23,1321.0,651.0,409.0
2121040,O24,Hydroxyurea,0.01,15,24,1101.0,620.0,224.0
2121040,P01,W9A,0.1,16,1,1364.0,637.0,418.0
2121040,P02,Cobimetinib,0.1,16,2,1329.0,516.0,412.0
2121040,P03,Belinostat,0.01,16,3,1547.0,727.0,444.0
2121040,P04,Doxorubicin,0.01,16,4,1711.0,854.0,433.0
2121040,P05,Cytarabine+Mitoxantrone,0.05+0.05,16,5,1340.0,573.0,369.0
2121040,P06,Enasedinib,0.1,16,6,1672.0,808.0,433.0
2121040,P07,Panobinostat,0.05,16,7,1180.0,448.0,276.0
2121040,P08,Dinaciclib (SCH727965),0.1,16,8,1344.0,625.0,229.0
2121040,P09,Dasatinib,0.01,16,9,1350.0,635.0,349.0
2121040,P10,Dasatinib,1,16,10,1195.0,566.0,329.0
2121040,P11,DMSO,0,16,11,1511.0,684.0,327.0
2121040,P12,Abemaciclib,0.01,16,12,1550.0,712.0,310.0
2121040,P13,Venetoclax+Idasanutlin,0.005+0.005,16,13,1004.0,318.0,322.0
2121040,P14,Methotrexate,0.01,16,14,1580.0,739.0,417.0
2121040,P15,5-Fluorouracil,0.010005677,16,15,1638.0,760.0,547.0
2121040,P16,Nintedanib (BIBF 1120),1,16,16,1320.0,497.0,404.0
2121040,P17,Enasedinib,1,16,17,1558.0,707.0,413.0
2121040,P18,Irinotecan,0.1,16,18,1579.0,749.0,403.0
2121040,P19,Rapamycin (Sirolimus),1,16,19,1687.0,774.0,389.0
2121040,P20,Hydroxyurea,0.1,16,20,1582.0,743.0,455.0
2121040,P21,Irinotecan,0.1,16,21,1482.0,702.0,386.0
2121040,P22,Dinaciclib (SCH727965),1,16,22,1671.0,797.0,415.0
2121040,P23,Cobimetinib,0.01,16,23,1416.0,632.0,378.0
2121040,P24,D9A2,0.1,16,24,821.0,250.0,301.0
2121039,A01,Pralatrexate,0.0070551,1,1,1484.0,669.0,538.0
2121039,A02,Alitretinoin,0.02,1,2,1476.0,625.0,570.0
2121039,A03,Daunorubicin,1,1,3,596.0,211.0,128.0
2121039,A04,Idelalisib,0.1,1,4,1350.0,581.0,518.0
2121039,A05,Alisertib,0.01,1,5,1337.0,605.0,518.0
2121039,A06,Amsacrine,1,1,6,914.0,304.0,410.0
2121039,A07,Busulfan,0.1,1,7,1434.0,690.0,470.0
2121039,A08,Ceritinib,0.01,1,8,1156.0,523.0,446.0
2121039,A09,Elacytarabine,1,1,9,1416.0,647.0,513.0
2121039,A10,Crizotinib,0.02,1,10,1473.0,686.0,552.0
2121039,A11,Pacritinib,1,1,11,919.0,328.0,355.0
2121039,A12,Palifosfamide,0.1,1,12,1495.0,707.0,560.0
2121039,A13,DMSO,0,1,13,1248.0,569.0,481.0
2121039,A14,Semaxanib,0.01,1,14,1373.0,616.0,485.0
2121039,A15,Erlotinib,2,1,15,1228.0,558.0,430.0
2121039,A16,JQ1-(+),0.0096,1,16,1327.0,620.0,463.0
2121039,A17,Lovastatin,0.1,1,17,1311.0,595.0,454.0
2121039,A18,Melphalan,0.01,1,18,1381.0,642.0,538.0
2121039,A19,Rosuvastatin,1,1,19,1409.0,668.0,489.0
2121039,A20,Palifosfamide,1,1,20,1329.0,655.0,442.0
2121039,A21,Semaxanib,0.01,1,21,1447.0,688.0,510.0
2121039,A22,Neratinib,1,1,22,571.0,156.0,239.0
2121039,A23,None,0,1,23,1264.0,590.0,469.0
2121039,A24,Idelalisib,1,1,24,1133.0,517.0,413.0
2121039,B01,Bosutinib,0.01,2,1,1468.0,702.0,535.0
2121039,B02,Gilteritinib,0.1,2,2,1412.0,642.0,505.0
2121039,B03,Vismodegib,0.02,2,3,1269.0,569.0,464.0
2121039,B04,Amsacrine,1,2,4,830.0,250.0,365.0
2121039,B05,Thioguanine,0.01,2,5,1567.0,707.0,610.0
2121039,B06,I-BET762,0.1,2,6,1497.0,697.0,581.0
2121039,B07,Bexarotene,0.02,2,7,1507.0,697.0,605.0
2121039,B08,Volasertib,0.01,2,8,1450.0,676.0,590.0
2121039,B09,Cabozantinib,0.02,2,9,1292.0,548.0,497.0
2121039,B10,Gilteritinib,0.01,2,10,1543.0,707.0,569.0
2121039,B11,Olaparib,1,2,11,1344.0,621.0,478.0
2121039,B12,Fludarabine,1,2,12,974.0,342.0,408.0
2121039,B13,Rosuvastatin,0.01,2,13,1337.0,681.0,473.0
2121039,B14,DMSO,0,2,14,1481.0,737.0,511.0
2121039,B15,Gilteritinib,0.01,2,15,1486.0,684.0,564.0
2121039,B16,Erlotinib,0.2,2,16,1431.0,706.0,511.0
2121039,B17,MLN2480,0.01,2,17,1450.0,739.0,491.0
2121039,B18,Palifosfamide,0.01,2,18,1373.0,625.0,529.0
2121039,B19,Olaparib,0.1,2,19,1404.0,653.0,520.0
2121039,B20,Glasdegib,0.1,2,20,1394.0,715.0,461.0
2121039,B21,Venetoclax,1,2,21,730.0,224.0,339.0
2121039,B22,Vandetanib,2,2,22,1314.0,629.0,452.0
2121039,B24,TAK-733,1,2,24,994.0,350.0,423.0
2121039,C01,Nilotinib,0.02,3,1,1530.0,686.0,609.0
2121039,C02,Regorafenib,0.02,3,2,1522.0,703.0,522.0
2121039,C03,Daunorubicin,0.1,3,3,950.0,278.0,387.0
2121039,C04,Elacytarabine,0.01,3,4,1533.0,660.0,508.0
2121039,C05,Glasdegib,1,3,5,1327.0,536.0,535.0
2121039,C06,Thioguanine,0.1,3,6,1606.0,689.0,584.0
2121039,C07,EPZ-6438,0.1,3,7,1531.0,661.0,494.0
2121039,C08,EPZ-6438,1,3,8,1611.0,691.0,483.0
2121039,C09,Bexarotene,0.2,3,9,1333.0,606.0,500.0
2121039,C10,Idasanutlin,1,3,10,997.0,312.0,312.0
2121039,C11,DMSO,0,3,11,1376.0,620.0,520.0
2121039,C12,Pralatrexate,0.70551,3,12,1393.0,646.0,420.0
2121039,C13,Volasertib,0.1,3,13,1028.0,431.0,353.0
2121039,C14,Erlotinib,2,3,14,1300.0,556.0,418.0
2121039,C15,DMSO,0,3,15,1413.0,699.0,496.0
2121039,C16,Vismodegib,2,3,16,1285.0,613.0,456.0
2121039,C17,Pralatrexate,0.070551,3,17,1418.0,646.0,516.0
2121039,C18,Vandetanib,0.2,3,18,1455.0,686.0,541.0
2121039,C19,EPZ-6438,1,3,19,1343.0,624.0,450.0
2121039,C20,Glasdegib,0.01,3,20,1383.0,650.0,510.0
2121039,C21,ORY1001,0.01,3,21,1296.0,613.0,426.0
2121039,C22,Bafetinib,0.1,3,22,1472.0,745.0,519.0
2121039,C23,Melphalan,1,3,23,1422.0,667.0,474.0
2121039,C24,Semaxanib,0.1,3,24,1335.0,648.0,461.0
2121039,D01,Daunorubicin,0.01,4,1,1321.0,554.0,523.0
2121039,D02,Semaxanib,1,4,2,1481.0,631.0,464.0
2121039,D03,Carfilzomib,0.000117,4,3,1392.0,583.0,492.0
2121039,D04,Trametinib,0.01,4,4,1431.0,633.0,496.0
2121039,D05,Busulfan,0.1,4,5,1467.0,643.0,533.0
2121039,D06,Bafetinib,0.1,4,6,1655.0,756.0,501.0
2121039,D07,Bexarotene,2,4,7,1645.0,667.0,351.0
2121039,D08,MLN0128,1,4,8,1393.0,354.0,271.0
2121039,D09,Aminopterin,0.1,4,9,1034.0,454.0,396.0
2121039,D10,Busulfan,0.01,4,10,1399.0,626.0,374.0
2121039,D11,MLN2480,1,4,11,1195.0,553.0,418.0
2121039,D12,DMSO,0,4,12,1450.0,673.0,395.0
2121039,D13,ORY1001,0.01,4,13,1439.0,657.0,454.0
2121039,D14,Fludarabine,0.1,4,14,1422.0,696.0,489.0
2121039,D15,Bosutinib,0.01,4,15,1516.0,737.0,482.0
2121039,D16,DMSO,0,4,16,1422.0,692.0,453.0
2121039,D17,Pralatrexate,0.0070551,4,17,1495.0,700.0,551.0
2121039,D18,Trametinib,0.1,4,18,1357.0,624.0,511.0
2121039,D19,Aminopterin,0.01,4,19,1474.0,655.0,573.0
2121039,D20,Melphalan,0.01,4,20,1398.0,642.0,389.0
2121039,D21,ORY1001,0.1,4,21,1287.0,564.0,495.0
2121039,D22,Ibrutinib,1,4,22,1249.0,573.0,366.0
2121039,D23,Mivebresib,0.01,4,23,1028.0,443.0,408.0
2121039,D24,Melphalan,0.1,4,24,1547.0,753.0,467.0
2121039,E01,Thioguanine,0.01,5,1,1435.0,599.0,536.0
2121039,E02,DMSO,0,5,2,1559.0,701.0,582.0
2121039,E03,Vemurafenib,2,5,3,1441.0,654.0,544.0
2121039,E04,Aminopterin,1,5,4,1542.0,697.0,583.0
2121039,E05,Bosutinib,1,5,5,871.0,425.0,255.0
2121039,E06,Bafetinib,1,5,6,852.0,341.0,331.0
2121039,E07,Bosutinib,1,5,7,827.0,313.0,251.0
2121039,E08,Bexarotene,2,5,8,1446.0,667.0,488.0
2121039,E09,DMSO,0,5,9,1566.0,737.0,393.0
2121039,E10,Ixazomib,0.1,5,10,1565.0,684.0,597.0
2121039,E11,Vandetanib,0.02,5,11,1475.0,689.0,420.0
2121039,E12,Guadecitabine,1,5,12,1418.0,646.0,447.0
2121039,E13,CB-839,0.1,5,13,1184.0,509.0,445.0
2121039,E14,Pralatrexate,0.070551,5,14,1433.0,668.0,502.0
2121039,E15,Olaparib,0.01,5,15,1424.0,693.0,494.0
2121039,E16,CB-839,1,5,16,1291.0,569.0,515.0
2121039,E17,DMSO,0,5,17,1511.0,722.0,525.0
2121039,E18,GSK126,1,5,18,1453.0,692.0,511.0
2121039,E19,Cabozantinib,0.02,5,19,1371.0,626.0,322.0
2121039,E20,Ceritinib,1,5,20,1288.0,490.0,419.0
2121039,E21,CB-839,0.1,5,21,1317.0,554.0,530.0
2121039,E22,Ixazomib,0.01,5,22,1485.0,653.0,600.0
2121039,E23,Alisertib,0.1,5,23,1419.0,630.0,359.0
2121039,E24,Carfilzomib,0.0000117,5,24,1517.0,732.0,550.0
2121039,F01,DMSO,0,6,1,1530.0,721.0,575.0
2121039,F02,Pixantrone,0.1,6,2,1418.0,621.0,595.0
2121039,F03,JQ1-(+),0.96,6,3,924.0,270.0,354.0
2121039,F04,Gilteritinib,0.001,6,4,1268.0,566.0,512.0
2121039,F05,Olaparib,1,6,5,1538.0,707.0,495.0
2121039,F06,Semaxanib,0.1,6,6,1506.0,691.0,575.0
2121039,F07,Neratinib,1,6,7,627.0,140.0,259.0
2121039,F08,Semaxanib,1,6,8,1205.0,501.0,458.0
2121039,F09,Carfilzomib,0.000117,6,9,1575.0,733.0,573.0
2121039,F10,DMSO,0,6,10,1527.0,711.0,584.0
2121039,F11,Ceritinib,0.01,6,11,1126.0,491.0,430.0
2121039,F12,Crizotinib,0.02,6,12,1351.0,604.0,510.0
2121039,F13,Regorafenib,0.2,6,13,1187.0,606.0,414.0
2121039,F14,Regorafenib,0.2,6,14,1399.0,664.0,501.0
2121039,F15,MLN4924,0.1,6,15,1247.0,642.0,398.0
2121039,F16,Devimistat,0.01,6,16,1303.0,594.0,449.0
2121039,F17,Ceritinib,0.1,6,17,1478.0,734.0,501.0
2121039,F18,DMSO,0,6,18,1376.0,681.0,442.0
2121039,F19,Pacritinib,0.01,6,19,1438.0,709.0,482.0
2121039,F20,Carfilzomib,0.0000117,6,20,1493.0,754.0,521.0
2121039,F21,Regorafenib,0.02,6,21,1401.0,700.0,479.0
2121039,F22,Devimistat,0.01,6,22,1135.0,550.0,389.0
2121039,F23,MLN0128,0.01,6,23,1185.0,527.0,460.0
2121039,F24,ORY1001,1,6,24,1376.0,611.0,550.0
2121039,G01,MLN2480,0.01,7,1,1558.0,726.0,542.0
2121039,G02,Guadecitabine,0.1,7,2,1528.0,706.0,538.0
2121039,G03,Lovastatin,0.01,7,3,1560.0,726.0,582.0
2121039,G04,DMSO,0,7,4,1485.0,709.0,522.0
2121039,G05,IPI-145,1,7,5,1033.0,433.0,339.0
2121039,G06,Pacritinib,0.1,7,6,1391.0,598.0,549.0
2121039,G07,Bosutinib,0.1,7,7,1491.0,691.0,490.0
2121039,G08,Bafetinib,0.01,7,8,1302.0,506.0,394.0
2121039,G09,Venetoclax,0.1,7,9,696.0,178.0,308.0
2121039,G10,Busulfan,1,7,10,1384.0,643.0,524.0
2121039,G11,Alisertib,1,7,11,1341.0,566.0,527.0
2121039,G12,Gilteritinib,0.001,7,12,1451.0,707.0,490.0
2121039,G13,Guadecitabine,0.01,7,13,1321.0,655.0,434.0
2121039,G14,Cediranib,1,7,14,1259.0,571.0,485.0
2121039,G15,Trametinib,0.1,7,15,1121.0,457.0,460.0
2121039,G16,Nilotinib,0.2,7,16,1300.0,623.0,493.0
2121039,G17,IPI-145,1,7,17,889.0,349.0,335.0
2121039,G18,Crizotinib,2,7,18,1187.0,479.0,463.0
2121039,G19,DMSO,0,7,19,1594.0,730.0,608.0
2121039,G20,Cabozantinib,2,7,20,937.0,388.0,338.0
2121039,G21,Mivebresib,0.1,7,21,634.0,181.0,294.0
2121039,G22,Elacytarabine,0.1,7,22,1197.0,544.0,432.0
2121039,G23,Carfilzomib,0.00000117,7,23,1584.0,731.0,565.0
2121039,G24,Mivebresib,0.01,7,24,1208.0,527.0,478.0
2121039,H01,Nilotinib,2,8,1,1535.0,703.0,548.0
2121039,H02,Devimistat,1,8,2,1565.0,728.0,528.0
2121039,H03,DMSO,0,8,3,1569.0,713.0,561.0
2121039,H04,None,0,8,4,1521.0,736.0,518.0
2121039,H05,Ixazomib,1,8,5,917.0,238.0,347.0
2121039,H06,ORY1001,1,8,6,1482.0,635.0,579.0
2121039,H07,Bafetinib,1,8,7,1510.0,511.0,322.0
2121039,H08,Neratinib,0.01,8,8,1480.0,485.0,258.0
2121039,H09,Amsacrine,0.1,8,9,1369.0,537.0,515.0
2121039,H10,Amsacrine,0.01,8,10,1455.0,645.0,551.0
2121039,H11,Vemurafenib,0.2,8,11,1207.0,558.0,445.0
2121039,H12,Nilotinib,0.02,8,12,1584.0,766.0,566.0
2121039,H13,I-BET762,0.1,8,13,1453.0,665.0,509.0
2121039,H14,MLN0128,0.01,8,14,1258.0,587.0,411.0
2121039,H15,Aminopterin,1,8,15,1472.0,698.0,511.0
2121039,H16,EPZ-6438,0.1,8,16,1554.0,701.0,477.0
2121039,H17,Vismodegib,2,8,17,1562.0,722.0,520.0
2121039,H18,CB-839,0.01,8,18,1422.0,657.0,489.0
2121039,H19,Alitretinoin,2,8,19,1350.0,631.0,480.0
2121039,H20,DMSO,0,8,20,1468.0,693.0,517.0
2121039,H21,EPZ-5676,1,8,21,1359.0,654.0,455.0
2121039,H22,EPZ-5676,0.01,8,22,1495.0,665.0,545.0
2121039,H23,Daunorubicin,0.1,8,23,1019.0,346.0,413.0
2121039,H24,Ibrutinib,0.1,8,24,1498.0,668.0,620.0
2121039,I01,Vandetanib,2,9,1,1533.0,714.0,516.0
2121039,I02,None,0,9,2,1449.0,673.0,451.0
2121039,I03,I-BET762,0.01,9,3,1486.0,694.0,504.0
2121039,I04,MLN4924,0.1,9,4,1320.0,650.0,451.0
2121039,I05,Amsacrine,0.1,9,5,1415.0,640.0,465.0
2121039,I06,DMSO,0,9,6,1311.0,631.0,440.0
2121039,I07,Erlotinib,0.02,9,7,1390.0,638.0,454.0
2121039,I08,Cabozantinib,0.2,9,8,1212.0,469.0,395.0
2121039,I09,EPZ-5676,0.1,9,9,1334.0,590.0,410.0
2121039,I10,Alitretinoin,0.2,9,10,1345.0,585.0,517.0
2121039,I11,EPZ-5676,1,9,11,1404.0,723.0,423.0
2121039,I12,MLN0128,0.1,9,12,1075.0,468.0,308.0
2121039,I13,GSK126,0.01,9,13,1392.0,637.0,429.0
2121039,I14,GSK126,0.1,9,14,1325.0,607.0,460.0
2121039,I15,Trametinib,1,9,15,1169.0,489.0,442.0
2121039,I16,Veliparib,1,9,16,1280.0,615.0,426.0
2121039,I17,MLN4924,0.01,9,17,1406.0,622.0,398.0
2121039,I18,Venetoclax,1,9,18,715.0,168.0,311.0
2121039,I19,MLN0128,0.1,9,19,1061.0,404.0,433.0
2121039,I20,Aminopterin,0.01,9,20,1316.0,617.0,357.0
2121039,I21,DMSO,0,9,21,1362.0,607.0,498.0
2121039,I22,Lovastatin,1,9,22,1418.0,662.0,508.0
2121039,I23,Pixantrone,0.1,9,23,1440.0,694.0,475.0
2121039,I24,Rosuvastatin,1,9,24,1472.0,693.0,544.0
2121039,J01,Palifosfamide,1,10,1,1292.0,560.0,494.0
2121039,J02,Bosutinib,0.1,10,2,1462.0,631.0,446.0
2121039,J03,Cediranib,0.01,10,3,1484.0,691.0,506.0
2121039,J04,Ibrutinib,0.01,10,4,1481.0,707.0,511.0
2121039,J05,DMSO,0,10,5,1557.0,754.0,546.0
2121039,J06,CB-839,1,10,6,1448.0,686.0,519.0
2121039,J07,Ceritinib,1,10,7,1197.0,485.0,503.0
2121039,J08,Mivebresib,1,10,8,717.0,265.0,233.0
2121039,J09,MLN4924,0.01,10,9,1494.0,756.0,487.0
2121039,J10,JQ1-(+),0.096,10,10,1221.0,568.0,404.0
2121039,J11,Venetoclax,0.1,10,11,590.0,150.0,270.0
2121039,J12,Veliparib,0.1,10,12,1483.0,692.0,450.0
2121039,J13,Venetoclax,0.01,10,13,793.0,228.0,394.0
2121039,J14,Crizotinib,0.2,10,14,1467.0,643.0,544.0
2121039,J15,Volasertib,1,10,15,826.0,281.0,332.0
2121039,J16,Ibrutinib,1,10,16,1256.0,572.0,458.0
2121039,J18,Idasanutlin,1,10,18,935.0,309.0,406.0
2121039,J19,Pacritinib,0.1,10,19,1274.0,571.0,462.0
2121039,J20,Amsacrine,0.01,10,20,1482.0,743.0,467.0
2121039,J21,I-BET762,1,10,21,910.0,406.0,329.0
2121039,J22,DMSO,0,10,22,1468.0,699.0,543.0
2121039,J23,Trametinib,0.01,10,23,1419.0,678.0,493.0
2121039,J24,IPI-145,0.1,10,24,1128.0,522.0,414.0
2121039,K01,Glasdegib,0.01,11,1,1389.0,561.0,544.0
2121039,K02,Regorafenib,2,11,2,900.0,321.0,356.0
2121039,K03,Alisertib,1,11,3,1295.0,574.0,485.0
2121039,K04,Cabozantinib,2,11,4,878.0,374.0,327.0
2121039,K06,Pixantrone,0.01,11,6,1465.0,680.0,522.0
2121039,K07,Vemurafenib,2,11,7,1585.0,714.0,418.0
2121039,K08,DMSO,0,11,8,1509.0,704.0,426.0
2121039,K09,Elacytarabine,0.1,11,9,1337.0,584.0,410.0
2121039,K10,Veliparib,0.01,11,10,1487.0,663.0,543.0
2121039,K11,Ibrutinib,0.1,11,11,1262.0,590.0,472.0
2121039,K12,Lovastatin,1,11,12,1399.0,615.0,409.0
2121039,K13,Bexarotene,0.2,11,13,1572.0,736.0,603.0
2121039,K14,Guadecitabine,1,11,14,1373.0,650.0,493.0
2121039,K15,Thioguanine,1,11,15,1444.0,684.0,468.0
2121039,K16,DMSO,0,11,16,1355.0,630.0,497.0
2121039,K17,Crizotinib,2,11,17,1283.0,497.0,500.0
2121039,K18,Daunorubicin,1,11,18,525.0,118.0,155.0
2121039,K19,Palifosfamide,0.01,11,19,1501.0,690.0,497.0
2121039,K20,Lovastatin,0.1,11,20,1383.0,645.0,521.0
2121039,K21,Cediranib,0.1,11,21,1361.0,626.0,462.0
2121039,K22,Pixantrone,0.01,11,22,1539.0,732.0,528.0
2121039,K23,DMSO,0,11,23,1494.0,703.0,457.0
2121039,K24,Melphalan,0.1,11,24,1481.0,690.0,553.0
2121039,L01,TAK-733,0.01,12,1,1190.0,427.0,504.0
2121039,L02,Vemurafenib,0.02,12,2,1568.0,737.0,469.0
2121039,L03,Elacytarabine,1,12,3,1500.0,666.0,544.0
2121039,L04,Idasanutlin,0.1,12,4,1191.0,491.0,489.0
2121039,L05,MLN2480,0.1,12,5,1538.0,770.0,420.0
2121039,L06,Idelalisib,1,12,6,1283.0,560.0,455.0
2121039,L07,DMSO,0,12,7,1573.0,711.0,472.0
2121039,L08,Erlotinib,0.02,12,8,1425.0,622.0,215.0
2121039,L09,ORY1001,0.1,12,9,1419.0,600.0,492.0
2121039,L10,Venetoclax,0.01,12,10,849.0,244.0,359.0
2121039,L11,Busulfan,0.01,12,11,1505.0,647.0,481.0
2121039,L12,Palifosfamide,0.1,12,12,1547.0,670.0,477.0
2121039,L13,TAK-733,1,12,13,932.0,333.0,400.0
2121039,L14,Carfilzomib,0.00000117,12,14,1404.0,647.0,444.0
2121039,L15,DMSO,0,12,15,1390.0,636.0,464.0
2121039,L16,JQ1-(+),0.0096,12,16,1352.0,597.0,526.0
2121039,L17,Bafetinib,0.01,12,17,1271.0,568.0,480.0
2121039,L18,Daunorubicin,0.01,12,18,1359.0,607.0,507.0
2121039,L19,Nilotinib,2,12,19,1256.0,539.0,409.0
2121039,L20,Guadecitabine,0.01,12,20,1468.0,663.0,455.0
2121039,L21,Devimistat,0.1,12,21,1374.0,664.0,462.0
2121039,L22,I-BET762,1,12,22,974.0,422.0,330.0
2121039,L23,Idelalisib,0.01,12,23,1433.0,653.0,518.0
2121039,L24,DMSO,0,12,24,1574.0,773.0,508.0
2121039,M01,Idelalisib,0.1,13,1,1253.0,568.0,438.0
2121039,M02,Mivebresib,1,13,2,783.0,255.0,265.0
2121039,M03,Cediranib,1,13,3,1443.0,588.0,432.0
2121039,M04,MLN2480,1,13,4,1063.0,506.0,339.0
2121039,M05,Olaparib,0.1,13,5,1292.0,622.0,418.0
2121039,M06,Trametinib,1,13,6,1167.0,512.0,431.0
2121039,M07,Fludarabine,0.01,13,7,1414.0,649.0,464.0
2121039,M08,Thioguanine,0.1,13,8,1322.0,596.0,384.0
2121039,M09,Ceritinib,0.1,13,9,1296.0,613.0,416.0
2121039,M10,DMSO,0,13,10,1469.0,739.0,314.0
2121039,M11,Pralatrexate,0.70551,13,11,1476.0,700.0,530.0
2121039,M12,Pacritinib,0.01,13,12,1635.0,740.0,493.0
2121039,M13,Alitretinoin,0.2,13,13,1404.0,663.0,465.0
2121039,M14,DMSO,0,13,14,1436.0,698.0,481.0
2121039,M15,Cediranib,0.01,13,15,1472.0,679.0,397.0
2121039,M16,Idasanutlin,0.01,13,16,1363.0,635.0,515.0
2121039,M17,Ixazomib,0.01,13,17,1284.0,582.0,476.0
2121039,M18,MLN2480,0.1,13,18,1272.0,602.0,449.0
2121039,M19,EPZ-6438,0.01,13,19,1008.0,442.0,387.0
2121039,M20,Fludarabine,1,13,20,1036.0,355.0,337.0
2121039,M21,Vismodegib,0.2,13,21,1361.0,614.0,464.0
2121039,M22,Veliparib,0.1,13,22,1262.0,623.0,443.0
2121039,M23,Cediranib,0.1,13,23,1463.0,720.0,464.0
2121039,M24,TAK-733,0.1,13,24,1249.0,497.0,524.0
2121039,N01,Ixazomib,1,14,1,871.0,249.0,399.0
2121039,N03,Rosuvastatin,0.1,14,3,1438.0,666.0,495.0
2121039,N04,MLN4924,1,14,4,866.0,330.0,326.0
2121039,N05,Mivebresib,0.1,14,5,851.0,338.0,337.0
2121039,N06,Pixantrone,1,14,6,1387.0,631.0,527.0
2121039,N07,I-BET762,0.01,14,7,1387.0,638.0,372.0
2121039,N08,Volasertib,0.1,14,8,1245.0,581.0,449.0
2121039,N09,DMSO,0,14,9,1425.0,632.0,402.0
2121039,N10,MLN4924,1,14,10,885.0,316.0,361.0
2121039,N11,Vandetanib,0.2,14,11,1306.0,551.0,428.0
2121039,N12,TAK-733,0.1,14,12,1104.0,437.0,476.0
2121039,N13,DMSO,0,14,13,1468.0,722.0,521.0
2121039,N14,Fludarabine,0.01,14,14,1345.0,603.0,473.0
2121039,N15,JQ1-(+),0.96,14,15,760.0,274.0,323.0
2121039,N16,Alisertib,0.1,14,16,1199.0,473.0,491.0
2121039,N17,Rosuvastatin,0.1,14,17,1328.0,673.0,411.0
2121039,N18,Nilotinib,0.2,14,18,1480.0,678.0,588.0
2121039,N19,Elacytarabine,0.01,14,19,1425.0,695.0,403.0
2121039,N20,Guadecitabine,0.1,14,20,1316.0,614.0,434.0
2121039,N21,Melphalan,1,14,21,1368.0,619.0,472.0
2121039,N22,Alisertib,0.01,14,22,1375.0,610.0,510.0
2121039,N23,Devimistat,0.1,14,23,1420.0,688.0,516.0
2121039,N24,GSK126,0.01,14,24,1529.0,723.0,558.0
2121039,O01,Gilteritinib,0.1,15,1,1383.0,655.0,493.0
2121039,O02,Alitretinoin,0.02,15,2,1483.0,627.0,480.0
2121039,O03,Ibrutinib,0.01,15,3,1274.0,576.0,459.0
2121039,O04,Alitretinoin,2,15,4,1591.0,713.0,509.0
2121039,O05,Rosuvastatin,0.01,15,5,1363.0,637.0,446.0
2121039,O07,Fludarabine,0.1,15,7,1508.0,678.0,488.0
2121039,O08,Veliparib,1,15,8,1533.0,711.0,409.0
2121039,O09,EPZ-5676,0.01,15,9,1410.0,652.0,383.0
2121039,O10,IPI-145,0.1,15,10,1191.0,513.0,377.0
2121039,O11,Aminopterin,0.1,15,11,1545.0,683.0,499.0
2121039,O12,DMSO,0,15,12,1491.0,668.0,432.0
2121039,O14,Erlotinib,0.2,15,14,830.0,468.0,152.0
2121039,O15,Vismodegib,0.2,15,15,1359.0,654.0,485.0
2121039,O16,Crizotinib,0.2,15,16,1387.0,643.0,530.0
2121039,O17,Pacritinib,1,15,17,790.0,250.0,296.0
2121039,O18,EPZ-5676,0.1,15,18,801.0,443.0,163.0
2121039,O19,None,0,15,19,1358.0,604.0,433.0
2121039,O20,Vismodegib,0.02,15,20,1471.0,660.0,438.0
2121039,O21,Olaparib,0.01,15,21,1358.0,675.0,473.0
2121039,O22,Thioguanine,1,15,22,1225.0,600.0,407.0
2121039,O23,Neratinib,0.01,15,23,1375.0,695.0,405.0
2121039,O24,Vemurafenib,0.02,15,24,911.0,531.0,182.0
2121039,P01,Ixazomib,0.1,16,1,1419.0,606.0,479.0
2121039,P02,Idasanutlin,0.1,16,2,1245.0,480.0,449.0
2121039,P03,Lovastatin,0.01,16,3,1552.0,732.0,509.0
2121039,P04,EPZ-6438,0.01,16,4,1414.0,680.0,475.0
2121039,P05,Cabozantinib,0.2,16,5,707.0,397.0,124.0
2121039,P06,GSK126,0.1,16,6,1458.0,687.0,516.0
2121039,P07,CB-839,0.01,16,7,1509.0,725.0,504.0
2121039,P09,Volasertib,0.01,16,9,1428.0,689.0,445.0
2121039,P10,Volasertib,1,16,10,934.0,338.0,308.0
2121039,P11,DMSO,0,16,11,1447.0,663.0,538.0
2121039,P12,Idelalisib,0.01,16,12,1421.0,640.0,452.0
2121039,P13,TAK-733,0.01,16,13,1278.0,559.0,507.0
2121039,P14,IPI-145,0.01,16,14,1264.0,583.0,438.0
2121039,P15,Bexarotene,0.02,16,15,1429.0,690.0,511.0
2121039,P16,Busulfan,1,16,16,1467.0,700.0,478.0
2121039,P17,GSK126,1,16,17,1306.0,620.0,462.0
2121039,P18,Neratinib,0.1,16,18,1169.0,509.0,450.0
2121039,P19,Devimistat,1,16,19,1446.0,655.0,420.0
2121039,P20,Vemurafenib,0.2,16,20,1423.0,683.0,480.0
2121039,P21,Neratinib,0.1,16,21,1334.0,605.0,440.0
2121039,P22,Glasdegib,1,16,22,1524.0,698.0,561.0
2121039,P23,Idasanutlin,0.01,16,23,1338.0,620.0,494.0
2121039,P24,JQ1-(+),0.096,16,24,1234.0,571.0,424.0
